class_index,species_name,precision,recall,f1,support,correct_predictions
0,Aculepeira ceropegia,0.2,0.2,0.2,10,2
1,Araneus diadematus,0.2857142857142857,0.2,0.23529411764705882,10,2
2,Eriophora ravilla,0.3333333333333333,0.3,0.3157894736842105,10,3
3,Micrathena mitrata,0.0,0.0,0.0,10,0
4,Badumna longinqua,0.125,0.1,0.1111111111111111,10,1
5,Neriene radiata,0.15384615384615385,0.2,0.17391304347826086,10,2
6,Leucauge argyra,0.0,0.0,0.0,10,0
7,Latrodectus katipo,0.09090909090909091,0.1,0.09523809523809523,10,1
8,Synema globosum,0.26666666666666666,0.4,0.32,10,4
9,Paravaejovis puritanus,0.1,0.2,0.13333333333333333,10,2
10,Scolopendra cingulata,0.0,0.0,0.0,10,0
11,Cantharis fusca,0.2222222222222222,0.2,0.21052631578947367,10,2
12,Plectrodera scalator,0.125,0.1,0.1111111111111111,10,1
13,Cycloneda sanguinea,0.2857142857142857,0.4,0.3333333333333333,10,4
14,Anthrenus verbasci,0.2857142857142857,0.2,0.23529411764705882,10,2
15,Macrodactylus subspinosus,0.2,0.2,0.2,10,2
16,Trichiotinus texanus,0.1111111111111111,0.1,0.10526315789473684,10,1
17,Necrophila americana,0.09090909090909091,0.1,0.09523809523809523,10,1
18,Nicrophorus vespilloides,0.3888888888888889,0.7,0.5,10,7
19,Xenox tigrinus,0.125,0.1,0.1111111111111111,10,1
20,Mydas clavatus,0.2857142857142857,0.2,0.23529411764705882,10,2
21,Spilomyia longicornis,0.3,0.3,0.3,10,3
22,Hyalymenus tarsatus,0.0,0.0,0.0,10,0
23,Hormaphis hamamelidis,0.06666666666666667,0.1,0.08,10,1
24,Cercopis vulnerata,0.45454545454545453,0.5,0.47619047619047616,10,5
25,Melacoryphus lateralis,0.3333333333333333,0.2,0.25,10,2
26,Halyomorpha halys,0.1,0.2,0.13333333333333333,10,2
27,Peribalus strictus,0.2,0.1,0.13333333333333333,10,1
28,Phymata americana,0.058823529411764705,0.1,0.07407407407407407,10,1
29,Rasahus hamatus,0.4,0.4,0.4,10,4
30,Bombus fervidus,0.3333333333333333,0.5,0.4,10,5
31,Xylocopa micans,0.0,0.0,0.0,10,0
32,Bicyrtes quadrifasciatus,0.2857142857142857,0.4,0.3333333333333333,10,4
33,Amphibolips confluenta,0.2,0.2,0.2,10,2
34,Camponotus sericeiventris,0.0,0.0,0.0,10,0
35,Liometopum occidentale,0.23076923076923078,0.3,0.2608695652173913,10,3
36,Veromessor pergandei,0.2857142857142857,0.4,0.3333333333333333,10,4
37,Pachodynerus erynnis,0.2,0.2,0.2,10,2
38,Polistes chinensis,0.18181818181818182,0.2,0.19047619047619047,10,2
39,Polistes exclamans,0.0,0.0,0.0,10,0
40,Euchromius ocellea,0.16666666666666666,0.2,0.18181818181818182,10,2
41,Palpita vitrealis,0.2,0.2,0.2,10,2
42,Pyrausta inornatalis,0.375,0.3,0.3333333333333333,10,3
43,Pyrausta tyralis,0.25,0.1,0.14285714285714285,10,1
44,Urola nivalis,0.16666666666666666,0.1,0.125,10,1
45,Oreta rosea,0.5,0.6,0.5454545454545454,10,6
46,Thyatira batis,0.3333333333333333,0.1,0.15384615384615385,10,1
47,Allotria elonympha,0.5,0.3,0.375,10,3
48,Calliteara pudibunda,0.0,0.0,0.0,10,0
49,Catocala ilia,0.25,0.1,0.14285714285714285,10,1
50,Halysidota harrisii,0.1111111111111111,0.1,0.10526315789473684,10,1
51,Hypena madefactalis,0.3,0.3,0.3,10,3
52,Mocis latipes,0.2,0.2,0.2,10,2
53,Parallelia bistriaris,0.0,0.0,0.0,10,0
54,Plusiodonta compressipalpis,0.2857142857142857,0.2,0.23529411764705882,10,2
55,Sphrageidus similis,0.14285714285714285,0.1,0.11764705882352941,10,1
56,Spilosoma virginica,0.1,0.1,0.1,10,1
57,Utetheisa ornatrix,0.08333333333333333,0.1,0.09090909090909091,10,1
58,Zale horrida,0.5384615384615384,0.7,0.6086956521739131,10,7
59,Zale minerea,0.45454545454545453,0.5,0.47619047619047616,10,5
60,Dichomeris flavocostella,0.3333333333333333,0.2,0.25,10,2
61,Campaea perlata,0.4,0.2,0.26666666666666666,10,2
62,Caripeta piniata,0.5384615384615384,0.7,0.6086956521739131,10,7
63,Chloroclystis filata,0.1,0.1,0.1,10,1
64,Didymoctenia exsuperata,0.625,0.5,0.5555555555555556,10,5
65,Disclisioprocta stellata,0.18181818181818182,0.2,0.19047619047619047,10,2
66,Ectropis crepuscularia,0.4444444444444444,0.4,0.42105263157894735,10,4
67,Hyposidra talaca,0.0,0.0,0.0,10,0
68,Idaea degeneraria,0.3333333333333333,0.1,0.15384615384615385,10,1
69,Phrissogonus laticostata,0.0,0.0,0.0,10,0
70,Plagodis alcoolaria,0.4375,0.7,0.5384615384615384,10,7
71,Scopula rubraria,0.16666666666666666,0.2,0.18181818181818182,10,2
72,Synchlora aerata,0.5454545454545454,0.6,0.5714285714285714,10,6
73,Burnsius communis,0.16666666666666666,0.1,0.125,10,1
74,Pelopidas mathias,0.2222222222222222,0.2,0.21052631578947367,10,2
75,Thorybes bathyllus,0.4,0.2,0.26666666666666666,10,2
76,Tolype velleda,0.0,0.0,0.0,10,0
77,Jamides bochus,0.125,0.1,0.1111111111111111,10,1
78,Parrhasius m-album,0.0,0.0,0.0,10,0
79,Polyommatus coridon,0.2,0.3,0.24,10,3
80,Satyrium edwardsii,0.6666666666666666,0.2,0.3076923076923077,10,2
81,Satyrium liparops,0.3333333333333333,0.3,0.3157894736842105,10,3
82,Strymon istapa,0.14285714285714285,0.1,0.11764705882352941,10,1
83,Megalopyge opercularis,0.375,0.3,0.3333333333333333,10,3
84,Autographa gamma,0.3333333333333333,0.1,0.15384615384615385,10,1
85,Callopistria cordata,0.4444444444444444,0.8,0.5714285714285714,10,8
86,Cosmia calami,0.375,0.3,0.3333333333333333,10,3
87,Deltote pygarga,0.2,0.1,0.13333333333333333,10,1
88,Ichneutica mutans,0.13333333333333333,0.2,0.16,10,2
89,Marimatha nigrofimbria,0.5454545454545454,0.6,0.5714285714285714,10,6
90,Orthosia gothica,0.0,0.0,0.0,10,0
91,Papaipema inquaesita,0.38461538461538464,0.5,0.43478260869565216,10,5
92,Phlogophora periculosa,0.1111111111111111,0.1,0.10526315789473684,10,1
93,Psychomorpha epimenis,0.4166666666666667,0.5,0.45454545454545453,10,5
94,Macrurocampa marthesia,0.5,0.3,0.375,10,3
95,Pheosidea elegans,0.42857142857142855,0.3,0.35294117647058826,10,3
96,Aglais urticae,0.36363636363636365,0.4,0.38095238095238093,10,4
97,Anartia fatima,0.0,0.0,0.0,10,0
98,Asterocampa clyton,0.0,0.0,0.0,10,0
99,Boloria chariclea,0.3125,0.5,0.38461538461538464,10,5
100,Cyllopsis gemma,0.0,0.0,0.0,10,0
101,Danaus eresimus,0.5,0.6,0.5454545454545454,10,6
102,Danaus plexippus,0.21428571428571427,0.3,0.25,10,3
103,Historis odius,0.0,0.0,0.0,10,0
104,Junonia lemonias,0.5,0.2,0.2857142857142857,10,2
105,Junonia oenone,0.16666666666666666,0.1,0.125,10,1
106,Junonia villida,0.1,0.1,0.1,10,1
107,Pyronia cecilia,0.14285714285714285,0.1,0.11764705882352941,10,1
108,Tisiphone abeona,0.18181818181818182,0.2,0.19047619047619047,10,2
109,Parnassius smintheus,0.2857142857142857,0.2,0.23529411764705882,10,2
110,Abaeis nicippe,0.1111111111111111,0.1,0.10526315789473684,10,1
111,Catopsilia pomona,0.5,0.2,0.2857142857142857,10,2
112,Mylothris agathina,0.0,0.0,0.0,10,0
113,Pareronia hippia,0.3333333333333333,0.4,0.36363636363636365,10,4
114,Pyrisitia lisa,0.09090909090909091,0.1,0.09523809523809523,10,1
115,Hamearis lucina,0.2,0.2,0.2,10,2
116,Melanis cephise,0.75,0.6,0.6666666666666666,10,6
117,Saturnia pyri,0.06666666666666667,0.1,0.08,10,1
118,Synanthedon acerni,0.3333333333333333,0.3,0.3157894736842105,10,3
119,Hyles gallii,0.1,0.1,0.1,10,1
120,Syricoris lacunana,0.4444444444444444,0.4,0.42105263157894735,10,4
121,Pseudomantis albofimbriata,0.0,0.0,0.0,10,0
122,Stagmomantis carolina,0.07142857142857142,0.1,0.08333333333333333,10,1
123,Corydalus cornutus,0.0,0.0,0.0,10,0
124,Agriocnemis femina,0.3333333333333333,0.4,0.36363636363636365,10,4
125,Epitheca princeps,0.0,0.0,0.0,10,0
126,Dromogomphus spoliatus,0.25,0.2,0.2222222222222222,10,2
127,Stylogomphus albistylus,0.16666666666666666,0.1,0.125,10,1
128,Libellula axilena,0.125,0.1,0.1111111111111111,10,1
129,Orthetrum brunneum,0.0,0.0,0.0,10,0
130,Orthetrum chrysostigma,0.0,0.0,0.0,10,0
131,Pachydiplax longipennis,0.0,0.0,0.0,10,0
132,Palpopleura lucia,0.16666666666666666,0.1,0.125,10,1
133,Tramea lacerata,0.25,0.3,0.2727272727272727,10,3
134,Trithemis festiva,0.3333333333333333,0.2,0.25,10,2
135,Tachopteryx thoreyi,0.3333333333333333,0.2,0.25,10,2
136,Chrysochraon dispar,0.25,0.3,0.2727272727272727,10,3
137,Leptysma marginicollis,0.1,0.1,0.1,10,1
138,Mermiria bivittata,0.5,0.2,0.2857142857142857,10,2
139,Gryllus campestris,0.1,0.1,0.1,10,1
140,Gryllus pennsylvanicus,0.0,0.0,0.0,10,0
141,Tropidacris collaris,0.0,0.0,0.0,10,0
142,Anabrus simplex,0.0,0.0,0.0,10,0
143,Neoconocephalus triops,0.09090909090909091,0.1,0.09523809523809523,10,1
144,Cerastipsocus venosus,0.125,0.1,0.1111111111111111,10,1
145,Cancer irroratus,0.15384615384615385,0.2,0.17391304347826086,10,2
146,Leptuca pugilator,0.0625,0.1,0.07692307692307693,10,1
147,Megalops atlanticus,0.4444444444444444,0.4,0.42105263157894735,10,4
148,Lepomis gulosus,0.3333333333333333,0.2,0.25,10,2
149,Schuettea scalaripinnis,0.42857142857142855,0.6,0.5,10,6
150,Oncorhynchus mykiss,0.23076923076923078,0.3,0.2608695652173913,10,3
151,Dicotylichthys punctulatus,0.2727272727272727,0.3,0.2857142857142857,10,3
152,Diodon hystrix,0.16666666666666666,0.2,0.18181818181818182,10,2
153,Tetractenos glaber,0.1875,0.3,0.23076923076923078,10,3
154,Hyperolius marmoratus,0.0,0.0,0.0,10,0
155,Rana draytonii,0.0,0.0,0.0,10,0
156,Accipiter badius,0.1111111111111111,0.1,0.10526315789473684,10,1
157,Accipiter nisus,0.25,0.1,0.14285714285714285,10,1
158,Accipiter trivirgatus,0.2,0.1,0.13333333333333333,10,1
159,Aquila chrysaetos,0.1111111111111111,0.1,0.10526315789473684,10,1
160,Chondrohierax uncinatus,0.0,0.0,0.0,10,0
161,Circus approximans,0.0,0.0,0.0,10,0
162,Elanus axillaris,0.1111111111111111,0.1,0.10526315789473684,10,1
163,Haliastur indus,0.0,0.0,0.0,10,0
164,Branta leucopsis,0.2727272727272727,0.3,0.2857142857142857,10,3
165,Melanitta deglandi,0.0,0.0,0.0,10,0
166,Melanitta perspicillata,0.14285714285714285,0.2,0.16666666666666666,10,2
167,Netta peposaca,0.4444444444444444,0.4,0.42105263157894735,10,4
168,Spatula cyanoptera,0.625,0.5,0.5555555555555556,10,5
169,Nyctibius griseus,0.25,0.1,0.14285714285714285,10,1
170,Sarcoramphus papa,0.5,0.3,0.375,10,3
171,Burhinus grallarius,0.14285714285714285,0.1,0.11764705882352941,10,1
172,Sterna hirundo,0.25,0.3,0.2727272727272727,10,3
173,Himantopus himantopus,0.6,0.3,0.4,10,3
174,Himantopus mexicanus,0.16666666666666666,0.2,0.18181818181818182,10,2
175,Arenaria melanocephala,0.11764705882352941,0.2,0.14814814814814814,10,2
176,Calidris canutus,0.3333333333333333,0.1,0.15384615384615385,10,1
177,Calidris virgata,0.0,0.0,0.0,10,0
178,Phalaropus fulicarius,0.26666666666666666,0.4,0.32,10,4
179,Tringa melanoleuca,0.125,0.1,0.1111111111111111,10,1
180,Anastomus oscitans,0.0,0.0,0.0,10,0
181,Ciconia ciconia,0.2,0.1,0.13333333333333333,10,1
182,Mycteria leucocephala,0.6,0.3,0.4,10,3
183,Patagioenas cayennensis,0.0,0.0,0.0,10,0
184,Coracias garrulus,0.05,0.1,0.06666666666666667,10,1
185,Coccyzus americanus,0.0,0.0,0.0,10,0
186,Caracara plancus,0.10526315789473684,0.2,0.13793103448275862,10,2
187,Falco mexicanus,0.13333333333333333,0.2,0.16,10,2
188,Herpetotheres cachinnans,0.11764705882352941,0.2,0.14814814814814814,10,2
189,Galbula ruficauda,0.3333333333333333,0.4,0.36363636363636365,10,4
190,Gavia stellata,0.3333333333333333,0.2,0.25,10,2
191,Amaurornis phoenicurus,0.06666666666666667,0.1,0.08,10,1
192,Fulica armillata,0.5,0.3,0.375,10,3
193,Gerygone igata,0.0,0.0,0.0,10,0
194,Sericornis frontalis,0.0,0.0,0.0,10,0
195,Certhia americana,0.25,0.1,0.14285714285714285,10,1
196,Cisticola exilis,0.6,0.3,0.4,10,3
197,Corvus caurinus,0.18181818181818182,0.2,0.19047619047619047,10,2
198,Corvus cornix,0.0,0.0,0.0,10,0
199,Nucifraga caryocatactes,0.0,0.0,0.0,10,0
200,Carpodacus sibiricus,0.6666666666666666,0.4,0.5,10,4
201,Coccothraustes coccothraustes,0.0,0.0,0.0,10,0
202,Hirundo neoxena,0.0,0.0,0.0,10,0
203,Petrochelidon pyrrhonota,0.0,0.0,0.0,10,0
204,Dives dives,0.125,0.1,0.1111111111111111,10,1
205,Icterus chrysater,0.5833333333333334,0.7,0.6363636363636364,10,7
206,Quiscalus mexicanus,0.25,0.1,0.14285714285714285,10,1
207,Lanius excubitor,0.0,0.0,0.0,10,0
208,Acanthorhynchus tenuirostris,0.0,0.0,0.0,10,0
209,Oreoscoptes montanus,0.125,0.1,0.1111111111111111,10,1
210,Luscinia luscinia,0.25,0.2,0.2222222222222222,10,2
211,Aethopyga siparaja,0.3333333333333333,0.3,0.3157894736842105,10,3
212,Cinnyris jugularis,0.08333333333333333,0.1,0.09090909090909091,10,1
213,Hedydipna collaris,0.0,0.0,0.0,10,0
214,Leptocoma zeylonica,0.1,0.1,0.1,10,1
215,Lophophanes cristatus,0.08333333333333333,0.1,0.09090909090909091,10,1
216,Poecile hudsonicus,0.0,0.0,0.0,10,0
217,Parkesia motacilla,0.16666666666666666,0.1,0.125,10,1
218,Setophaga americana,0.14285714285714285,0.1,0.11764705882352941,10,1
219,Setophaga dominica,0.16666666666666666,0.1,0.125,10,1
220,Setophaga virens,0.07692307692307693,0.1,0.08695652173913043,10,1
221,Ammodramus savannarum,0.2727272727272727,0.3,0.2857142857142857,10,3
222,Peucaea carpalis,0.0,0.0,0.0,10,0
223,Pipilo maculatus,0.2857142857142857,0.2,0.23529411764705882,10,2
224,Pycnonotus goiavier,0.0,0.0,0.0,10,0
225,Myadestes townsendi,0.0,0.0,0.0,10,0
226,Turdus fuscater,0.2222222222222222,0.2,0.21052631578947367,10,2
227,Turdus viscivorus,0.0,0.0,0.0,10,0
228,Empidonax occidentalis,0.0,0.0,0.0,10,0
229,Myiarchus tuberculifer,0.0,0.0,0.0,10,0
230,Sayornis saya,0.08333333333333333,0.1,0.09090909090909091,10,1
231,Tyrannus savana,0.0,0.0,0.0,10,0
232,Vireo bellii,0.0,0.0,0.0,10,0
233,Vireo flavoviridis,0.0,0.0,0.0,10,0
234,Vireo huttoni,0.0,0.0,0.0,10,0
235,Vireo solitarius,0.0,0.0,0.0,10,0
236,Zosterops lateralis,0.0,0.0,0.0,10,0
237,Butorides virescens,0.1,0.2,0.13333333333333333,10,2
238,Egretta garzetta,0.4,0.4,0.4,10,4
239,Nycticorax nycticorax,0.0,0.0,0.0,10,0
240,Psilopogon haemacephalus,0.1111111111111111,0.1,0.10526315789473684,10,1
241,Picus viridis,0.1111111111111111,0.1,0.10526315789473684,10,1
242,Ara ararauna,0.16666666666666666,0.2,0.18181818181818182,10,2
243,Trichoglossus moluccanus,0.7,0.7,0.7,10,7
244,Glaucidium gnoma,0.0,0.0,0.0,10,0
245,Megascops choliba,0.0,0.0,0.0,10,0
246,Strix aluco,0.16666666666666666,0.1,0.125,10,1
247,Tyto alba,0.0,0.0,0.0,10,0
248,Struthio camelus,0.2777777777777778,0.5,0.35714285714285715,10,5
249,Anhinga anhinga,0.0,0.0,0.0,10,0
250,Phalacrocorax aristotelis,0.2,0.1,0.13333333333333333,10,1
251,Aepyceros melampus,0.16666666666666666,0.1,0.125,10,1
252,Cervus canadensis,0.0,0.0,0.0,10,0
253,Canis familiaris,0.0,0.0,0.0,10,0
254,Lycalopex culpaeus,0.0,0.0,0.0,10,0
255,Mustela nivalis,0.0,0.0,0.0,10,0
256,Trichosurus vulpecula,0.16666666666666666,0.2,0.18181818181818182,10,2
257,Ondatra zibethicus,0.07692307692307693,0.1,0.08695652173913043,10,1
258,Myocastor coypus,0.0,0.0,0.0,10,0
259,Sciurus carolinensis,0.09090909090909091,0.1,0.09523809523809523,10,1
260,Crocodylus acutus,0.1111111111111111,0.1,0.10526315789473684,10,1
261,Charina bottae,0.25,0.2,0.2222222222222222,10,2
262,Dendrelaphis punctulatus,0.0,0.0,0.0,10,0
263,Hypsiglena jani,0.13333333333333333,0.2,0.16,10,2
264,Lampropeltis gentilis,0.2857142857142857,0.4,0.3333333333333333,10,4
265,Masticophis mentovarius,0.05,0.1,0.06666666666666667,10,1
266,Regina septemvittata,0.0,0.0,0.0,10,0
267,Cordylus niger,0.0,0.0,0.0,10,0
268,Christinus marmoratus,0.0,0.0,0.0,10,0
269,Phrynosoma hernandesi,0.1875,0.3,0.23076923076923078,10,3
270,Sceloporus jarrovii,0.21428571428571427,0.3,0.25,10,3
271,Tarentola mauritanica,0.05,0.1,0.06666666666666667,10,1
272,Trachylepis margaritifera,0.125,0.1,0.1111111111111111,10,1
273,Agkistrodon contortrix,0.0,0.0,0.0,10,0
274,Clemmys guttata,0.0,0.0,0.0,10,0
275,Emydoidea blandingii,0.09090909090909091,0.1,0.09523809523809523,10,1
276,Graptemys ouachitensis,0.0625,0.1,0.07692307692307693,10,1
277,Pseudemys nelsoni,0.0,0.0,0.0,10,0
278,Mauremys leprosa,0.06666666666666667,0.1,0.08,10,1
279,Testudo graeca,0.0,0.0,0.0,10,0
280,Isactinia olivacea,0.07692307692307693,0.1,0.08695652173913043,10,1
281,Urticina grebelnyi,0.26666666666666666,0.4,0.32,10,4
282,Cominella adspersa,0.25,0.1,0.14285714285714285,10,1
283,Aphelodoris varia,0.07692307692307693,0.1,0.08695652173913043,10,1
284,Pteraeolidia ianthina,0.3333333333333333,0.3,0.3157894736842105,10,3
285,Haplotrema vancouverense,0.14285714285714285,0.1,0.11764705882352941,10,1
286,Megastraea undosa,0.07142857142857142,0.1,0.08333333333333333,10,1
287,Flavopunctelia flaventior,0.5714285714285714,0.4,0.47058823529411764,10,4
288,Letharia vulpina,0.38461538461538464,0.5,0.43478260869565216,10,5
289,Ramalina menziesii,0.2222222222222222,0.2,0.21052631578947367,10,2
290,Xanthomendoza fallax,0.3,0.3,0.3,10,3
291,Urnula craterium,0.0,0.0,0.0,10,0
292,Amanita fulva,0.15384615384615385,0.2,0.17391304347826086,10,2
293,Laccaria amethystina,0.2857142857142857,0.2,0.23529411764705882,10,2
294,Mycena pura,0.2,0.1,0.13333333333333333,10,1
295,Volvopluteus gloiocephalus,0.5555555555555556,0.5,0.5263157894736842,10,5
296,Psathyrella candolleana,0.0,0.0,0.0,10,0
297,Schizophyllum commune,0.0,0.0,0.0,10,0
298,Suillus luteus,0.3076923076923077,0.4,0.34782608695652173,10,4
299,Inonotus obliquus,0.4444444444444444,0.4,0.42105263157894735,10,4
300,Phaeolus schweinitzii,0.2857142857142857,0.4,0.3333333333333333,10,4
301,Calocera viscosa,0.5,0.7,0.5833333333333334,10,7
302,Tremella mesenterica,0.3333333333333333,0.2,0.25,10,2
303,Neckera pennata,0.3333333333333333,0.1,0.15384615384615385,10,1
304,Arum italicum,0.0,0.0,0.0,10,0
305,Peltandra virginica,0.2,0.1,0.13333333333333333,10,1
306,Triantha glutinosa,0.0,0.0,0.0,10,0
307,Narcissus poeticus,0.5714285714285714,0.4,0.47058823529411764,10,4
308,Asparagus officinalis,0.1111111111111111,0.1,0.10526315789473684,10,1
309,Ruscus aculeatus,0.1111111111111111,0.1,0.10526315789473684,10,1
310,Triteleia hyacinthina,0.2857142857142857,0.2,0.23529411764705882,10,2
311,Asphodelus fistulosus,0.0,0.0,0.0,10,0
312,Iris douglasiana,0.42857142857142855,0.6,0.5,10,6
313,Iris sibirica,0.5,0.5,0.5,10,5
314,Iris versicolor,0.14285714285714285,0.1,0.11764705882352941,10,1
315,Liparis loeselii,0.08333333333333333,0.1,0.09090909090909091,10,1
316,Neottia nidus-avis,0.6,0.6,0.6,10,6
317,Orchis anthropophora,0.2,0.2,0.2,10,2
318,Pontederia cordata,0.1111111111111111,0.1,0.10526315789473684,10,1
319,Gloriosa superba,0.3333333333333333,0.3,0.3157894736842105,10,3
320,Trillium luteum,0.18181818181818182,0.2,0.19047619047619047,10,2
321,Veratrum viride,0.06666666666666667,0.1,0.08,10,1
322,Ripogonum scandens,0.0,0.0,0.0,10,0
323,Smilax herbacea,0.04,0.1,0.05714285714285714,10,1
324,Pandanus tectorius,0.125,0.1,0.1111111111111111,10,1
325,Tillandsia recurvata,0.14285714285714285,0.1,0.11764705882352941,10,1
326,Carex magellanica,0.05555555555555555,0.1,0.07142857142857142,10,1
327,Carex squarrosa,0.375,0.3,0.3333333333333333,10,3
328,Juncus acutus,0.125,0.2,0.15384615384615385,10,2
329,Juncus torreyi,0.16666666666666666,0.1,0.125,10,1
330,Microstegium vimineum,0.15789473684210525,0.3,0.20689655172413793,10,3
331,Angelica capitellata,0.0,0.0,0.0,10,0
332,Anthriscus caucalis,0.0,0.0,0.0,10,0
333,Pimpinella saxifraga,0.0,0.0,0.0,10,0
334,Scandix pecten-veneris,0.36363636363636365,0.4,0.38095238095238093,10,4
335,Torilis japonica,0.18181818181818182,0.2,0.19047619047619047,10,2
336,Aralia elata,0.11764705882352941,0.2,0.14814814814814814,10,2
337,Schefflera digitata,0.08333333333333333,0.1,0.09090909090909091,10,1
338,Griselinia littoralis,0.0,0.0,0.0,10,0
339,Achyrachaena mollis,0.0,0.0,0.0,10,0
340,Adenophyllum porophylloides,0.4,0.4,0.4,10,4
341,Antennaria neglecta,0.18181818181818182,0.2,0.19047619047619047,10,2
342,Bellis perennis,0.36363636363636365,0.8,0.5,10,8
343,Bidens frondosa,0.07692307692307693,0.1,0.08695652173913043,10,1
344,Carduus acanthoides,0.5714285714285714,0.4,0.47058823529411764,10,4
345,Chaenactis glabriuscula,0.5,0.4,0.4444444444444444,10,4
346,Cyanthillium cinereum,0.25,0.1,0.14285714285714285,10,1
347,Dittrichia graveolens,0.1111111111111111,0.1,0.10526315789473684,10,1
348,Elephantopus tomentosus,0.3333333333333333,0.2,0.25,10,2
349,Eupatorium rotundifolium,0.2,0.2,0.2,10,2
350,Layia glandulosa,0.6153846153846154,0.8,0.6956521739130435,10,8
351,Leptosyne maritima,0.07142857142857142,0.1,0.08333333333333333,10,1
352,Malacothrix saxatilis,0.4,0.4,0.4,10,4
353,Ozothamnus leptophyllus,0.16666666666666666,0.1,0.125,10,1
354,Packera obovata,0.36363636363636365,0.4,0.38095238095238093,10,4
355,Parthenium incanum,0.23076923076923078,0.3,0.2608695652173913,10,3
356,Petasites hybridus,0.36363636363636365,0.4,0.38095238095238093,10,4
357,Peucephyllum schottii,0.0,0.0,0.0,10,0
358,Pityopsis falcata,0.3333333333333333,0.5,0.4,10,5
359,Solidago speciosa,0.2857142857142857,0.2,0.23529411764705882,10,2
360,Symphyotrichum cordifolium,0.23529411764705882,0.4,0.2962962962962963,10,4
361,Tetraneuris linearifolia,0.4,0.4,0.4,10,4
362,Thelesperma filifolium,0.5714285714285714,0.8,0.6666666666666666,10,8
363,Verbesina encelioides,0.21428571428571427,0.3,0.25,10,3
364,Vernonia gigantea,0.4375,0.7,0.5384615384615384,10,7
365,Scaevola plumieri,0.5714285714285714,0.4,0.47058823529411764,10,4
366,Nephrophyllidium crista-galli,0.07142857142857142,0.1,0.08333333333333333,10,1
367,Eriodictyon crassifolium,0.125,0.1,0.1111111111111111,10,1
368,Hackelia virginiana,0.125,0.1,0.1111111111111111,10,1
369,Nemophila heterophylla,0.0,0.0,0.0,10,0
370,Nemophila menziesii,0.3333333333333333,0.3,0.3157894736842105,10,3
371,Cardamine nuttallii,0.16666666666666666,0.1,0.125,10,1
372,Cardamine pratensis,0.35714285714285715,0.5,0.4166666666666667,10,5
373,Descurainia sophia,0.3333333333333333,0.1,0.15384615384615385,10,1
374,Lepidium latifolium,0.125,0.1,0.1111111111111111,10,1
375,Cylindropuntia ganderi,0.25,0.2,0.2222222222222222,10,2
376,Echinocereus bakeri,0.25,0.1,0.14285714285714285,10,1
377,Opuntia cochenillifera,0.125,0.1,0.1111111111111111,10,1
378,Dianthus carthusianorum,0.4375,0.7,0.5384615384615384,10,7
379,Herniaria glabra,0.36363636363636365,0.4,0.38095238095238093,10,4
380,Silene latifolia,0.14285714285714285,0.1,0.11764705882352941,10,1
381,Spergula arvensis,0.0,0.0,0.0,10,0
382,Claytonia perfoliata,0.0,0.0,0.0,10,0
383,Phytolacca americana,0.0,0.0,0.0,10,0
384,Antigonon leptopus,0.2777777777777778,0.5,0.35714285714285715,10,5
385,Eriogonum fasciculatum,0.0,0.0,0.0,10,0
386,Muehlenbeckia axillaris,0.23529411764705882,0.4,0.2962962962962963,10,4
387,Simmondsia chinensis,0.0,0.0,0.0,10,0
388,Euonymus alatus,0.0,0.0,0.0,10,0
389,Staphylea trifolia,0.14285714285714285,0.1,0.11764705882352941,10,1
390,Lonicera periclymenum,0.07142857142857142,0.1,0.08333333333333333,10,1
391,Valeriana sitchensis,0.25,0.2,0.2222222222222222,10,2
392,Arctostaphylos patula,0.08333333333333333,0.1,0.09090909090909091,10,1
393,Gaultheria shallon,0.1875,0.3,0.23076923076923078,10,3
394,Kalmia polifolia,0.0,0.0,0.0,10,0
395,Leptecophylla tameiameiae,0.13636363636363635,0.3,0.1875,10,3
396,Rhododendron occidentale,0.5555555555555556,0.5,0.5263157894736842,10,5
397,Sarcodes sanguinea,0.6923076923076923,0.9,0.782608695652174,10,9
398,Gilia stellata,0.375,0.3,0.3333333333333333,10,3
399,Symplocos tinctoria,0.0,0.0,0.0,10,0
400,Dichrostachys cinerea,0.6666666666666666,0.4,0.5,10,4
401,Erythrina herbacea,0.46153846153846156,0.6,0.5217391304347826,10,6
402,Genista tinctoria,0.36363636363636365,0.8,0.5,10,8
403,Hosackia gracilis,0.5555555555555556,0.5,0.5263157894736842,10,5
404,Lupinus hirsutissimus,0.25,0.1,0.14285714285714285,10,1
405,Lupinus lepidus,0.4444444444444444,0.4,0.42105263157894735,10,4
406,Trifolium angustifolium,0.2,0.2,0.2,10,2
407,Quercus engelmannii,0.0,0.0,0.0,10,0
408,Quercus rubra,0.0,0.0,0.0,10,0
409,Asclepias curassavica,0.5384615384615384,0.7,0.6086956521739131,10,7
410,Parsonsia heterophylla,0.0,0.0,0.0,10,0
411,Plumeria rubra,0.14285714285714285,0.1,0.11764705882352941,10,1
412,Blackstonia perfoliata,0.125,0.1,0.1111111111111111,10,1
413,Gentianella amarella,0.09090909090909091,0.1,0.09523809523809523,10,1
414,Geniostoma ligustrifolium,0.07692307692307693,0.1,0.08695652173913043,10,1
415,Cephalanthus occidentalis,0.09090909090909091,0.1,0.09523809523809523,10,1
416,Hamelia patens,0.21428571428571427,0.3,0.25,10,3
417,Houstonia caerulea,0.4444444444444444,0.4,0.42105263157894735,10,4
418,Geranium maculatum,0.5,0.6,0.5454545454545454,10,6
419,Geranium pratense,0.5,0.6,0.5454545454545454,10,6
420,Agastache foeniculum,0.23076923076923078,0.3,0.2608695652173913,10,3
421,Lamium album,0.16666666666666666,0.1,0.125,10,1
422,Prunella vulgaris,0.2857142857142857,0.2,0.23529411764705882,10,2
423,Teucrium scorodonia,0.06666666666666667,0.1,0.08,10,1
424,Bellardia trixago,0.3076923076923077,0.4,0.34782608695652173,10,4
425,Keckiella antirrhinoides,0.2727272727272727,0.3,0.2857142857142857,10,3
426,Penstemon hirsutus,0.125,0.2,0.15384615384615385,10,2
427,Penstemon procerus,0.1111111111111111,0.2,0.14285714285714285,10,2
428,Veronica arvensis,0.0,0.0,0.0,10,0
429,Veronica scutellata,0.1,0.1,0.1,10,1
430,Lantana camara,0.25,0.2,0.2222222222222222,10,2
431,Lindera benzoin,0.1,0.1,0.1,10,1
432,Euphorbia corollata,0.23076923076923078,0.3,0.2608695652173913,10,3
433,Euphorbia cyathophora,0.07692307692307693,0.1,0.08695652173913043,10,1
434,Euphorbia marginata,0.14285714285714285,0.2,0.16666666666666666,10,2
435,Euphorbia prostrata,0.23076923076923078,0.3,0.2608695652173913,10,3
436,Ricinus communis,0.0,0.0,0.0,10,0
437,Hypericum hypericoides,0.375,0.3,0.3333333333333333,10,3
438,Hypericum perforatum,0.11764705882352941,0.2,0.14814814814814814,10,2
439,Hypericum punctatum,0.1,0.1,0.1,10,1
440,Linum bienne,0.42857142857142855,0.3,0.35294117647058826,10,3
441,Populus alba,0.25,0.1,0.14285714285714285,10,1
442,Melicytus ramiflorus,0.0,0.0,0.0,10,0
443,Viola ocellata,0.4444444444444444,0.4,0.42105263157894735,10,4
444,Hudsonia tomentosa,0.0,0.0,0.0,10,0
445,Callirhoe involucrata,0.75,0.6,0.6666666666666666,10,6
446,Entelea arborescens,0.0,0.0,0.0,10,0
447,Sidalcea sparsifolia,0.42857142857142855,0.3,0.35294117647058826,10,3
448,Rhexia alifanus,0.4166666666666667,0.5,0.45454545454545453,10,5
449,Metrosideros excelsa,0.0,0.0,0.0,10,0
450,Clarkia rubicunda,0.5384615384615384,0.7,0.6086956521739131,10,7
451,Epilobium montanum,0.2,0.2,0.2,10,2
452,Ludwigia octovalvis,0.5,0.6,0.5454545454545454,10,6
453,Oenothera glaucifolia,0.14285714285714285,0.1,0.11764705882352941,10,1
454,Taraxia ovata,0.3888888888888889,0.7,0.5,10,7
455,Nymphaea alba,0.2,0.1,0.13333333333333333,10,1
456,Nymphaea odorata,0.2,0.2,0.2,10,2
457,Oxalis purpurea,0.5,0.2,0.2857142857142857,10,2
458,Banksia marginata,0.21428571428571427,0.3,0.25,10,3
459,Ehrendorferia chrysantha,0.4,0.4,0.4,10,4
460,Pseudofumaria lutea,0.42857142857142855,0.3,0.35294117647058826,10,3
461,Aconitum lycoctonum,0.2222222222222222,0.2,0.21052631578947367,10,2
462,Aconitum septentrionale,0.0,0.0,0.0,10,0
463,Ceratocephala testiculata,0.2857142857142857,0.2,0.23529411764705882,10,2
464,Ranunculus acris,0.42857142857142855,0.3,0.35294117647058826,10,3
465,Celtis reticulata,0.15384615384615385,0.2,0.17391304347826086,10,2
466,Trema orientalis,0.125,0.1,0.1111111111111111,10,1
467,Ceanothus integerrimus,0.06666666666666667,0.1,0.08,10,1
468,Ceanothus verrucosus,0.05263157894736842,0.1,0.06896551724137931,10,1
469,Agrimonia gryposepala,0.125,0.2,0.15384615384615385,10,2
470,Rhaphiolepis indica,0.14285714285714285,0.1,0.11764705882352941,10,1
471,Rosa canina,0.3333333333333333,0.1,0.15384615384615385,10,1
472,Rubus armeniacus,0.0,0.0,0.0,10,0
473,Sibbaldia procumbens,0.0,0.0,0.0,10,0
474,Sorbus aucuparia,0.09090909090909091,0.1,0.09523809523809523,10,1
475,Ulmus laevis,0.5,0.2,0.2857142857142857,10,2
476,Parietaria pensylvanica,0.0,0.0,0.0,10,0
477,Schinus molle,0.1111111111111111,0.1,0.10526315789473684,10,1
478,Thamnosma montana,0.08333333333333333,0.1,0.09090909090909091,10,1
479,Zanthoxylum clava-herculis,0.125,0.2,0.15384615384615385,10,2
480,Acer macrophyllum,0.0,0.0,0.0,10,0
481,Acer pseudoplatanus,0.16666666666666666,0.2,0.18181818181818182,10,2
482,Ribes speciosum,0.3125,0.5,0.38461538461538464,10,5
483,Haloragis erecta,0.1,0.2,0.13333333333333333,10,2
484,Heuchera richardsonii,0.1,0.1,0.1,10,1
485,Tolmiea menziesii,0.21428571428571427,0.3,0.25,10,3
486,Solanum emulans,0.0,0.0,0.0,10,0
487,Solanum umbelliferum,0.375,0.3,0.3333333333333333,10,3
488,Vitis riparia,0.0625,0.1,0.07692307692307693,10,1
489,Kallstroemia grandiflora,0.4,0.2,0.26666666666666666,10,2
490,Agathis australis,0.23076923076923078,0.3,0.2608695652173913,10,3
491,Picea rubens,0.08333333333333333,0.1,0.09090909090909091,10,1
492,Dicksonia antarctica,0.2857142857142857,0.2,0.23529411764705882,10,2
493,Asplenium appendiculatum,0.07692307692307693,0.1,0.08695652173913043,10,1
494,Athyrium filix-femina,0.18181818181818182,0.2,0.19047619047619047,10,2
495,Pteridium aquilinum,0.0,0.0,0.0,10,0
496,Dryopteris carthusiana,0.14285714285714285,0.1,0.11764705882352941,10,1
497,Dryopteris cristata,0.08333333333333333,0.1,0.09090909090909091,10,1
498,Myriopteris parryi,0.3333333333333333,0.2,0.25,10,2
499,Pellaea glabella,0.0,0.0,0.0,10,0
